timestamp,weather,temperature,rainfall
2025-02-19 10:12:37.950585,rainy,14.303355198021325,21.367642774507523
2025-02-19 11:12:37.950585,sunny,20.266862655687234,0.0
2025-02-19 12:12:37.950585,sunny,24.935697763018133,0.0
2025-02-19 13:12:37.950585,cloudy,24.42544271768799,0.0
2025-02-19 14:12:37.950585,rainy,23.71855616357573,4.790350456089712
2025-02-19 15:12:37.950585,cloudy,21.554964638140103,0.0
2025-02-19 16:12:37.950585,sunny,35.686330071944184,0.0
2025-02-19 17:12:37.950585,sunny,22.735060728057892,0.0
2025-02-19 18:12:37.950585,sunny,24.219027840791142,0.0
2025-02-19 19:12:37.950585,cloudy,28.734360841523674,0.0
2025-02-19 20:12:37.950585,rainy,24.692930588510215,19.20730850335984
2025-02-19 21:12:37.950585,sunny,34.95694785762402,0.0
2025-02-19 22:12:37.950585,rainy,18.295572245683285,2.8559056759725814
2025-02-19 23:12:37.950585,sunny,33.16748374840054,0.0
2025-02-20 00:12:37.950585,cloudy,21.308184088503427,0.0
2025-02-20 01:12:37.950585,sunny,39.564995314901964,0.0
2025-02-20 02:12:37.950585,sunny,35.621458139621005,0.0
2025-02-20 03:12:37.950585,sunny,22.519976728772008,0.0
2025-02-20 04:12:37.950585,sunny,24.487450348321307,0.0
2025-02-20 05:12:37.950585,cloudy,22.321075553969468,0.0
2025-02-20 06:12:37.950585,sunny,25.08862124800977,0.0
2025-02-20 07:12:37.950585,sunny,39.011179957913455,0.0
2025-02-20 08:12:37.950585,cloudy,28.615642388037948,0.0
2025-02-20 09:12:37.950585,cloudy,17.67551337628502,0.0
2025-02-20 10:12:37.950585,sunny,22.72896377711503,0.0
2025-02-20 11:12:37.950585,sunny,25.853121616098015,0.0
2025-02-20 12:12:37.950585,sunny,27.005397283807543,0.0
2025-02-20 13:12:37.950585,cloudy,25.946934477901852,0.0
2025-02-20 14:12:37.950585,cloudy,21.662187282261076,0.0
2025-02-20 15:12:37.950585,sunny,28.06718626922421,0.0
2025-02-20 16:12:37.950585,rainy,20.274933690850357,5.024883245101565
2025-02-20 17:12:37.950585,sunny,28.752671635314606,0.0
2025-02-20 18:12:37.950585,sunny,27.3071385729364,0.0
2025-02-20 19:12:37.950585,sunny,31.797591725620276,0.0
2025-02-20 20:12:37.950585,cloudy,26.077544280970436,0.0
2025-02-20 21:12:37.950585,sunny,31.4796689498207,0.0
2025-02-20 22:12:37.950585,rainy,22.693079254071673,7.005936517982153
2025-02-20 23:12:37.950585,rainy,21.157883196551694,2.1103817961388165
2025-02-21 00:12:37.950585,sunny,29.371031077279284,0.0
2025-02-21 01:12:37.950585,sunny,31.98402880606256,0.0
2025-02-21 02:12:37.950585,cloudy,30.79756700532487,0.0
2025-02-21 03:12:37.950585,sunny,32.72200047103561,0.0
2025-02-21 04:12:37.950585,sunny,33.715191301088055,0.0
2025-02-21 05:12:37.950585,sunny,26.720706522546934,0.0
2025-02-21 06:12:37.950585,cloudy,23.252544578508008,0.0
2025-02-21 07:12:37.950585,sunny,23.386230509997205,0.0
2025-02-21 08:12:37.950585,sunny,19.26101573682051,0.0
2025-02-21 09:12:37.950585,sunny,29.365323081255553,0.0
2025-02-21 10:12:37.950585,rainy,18.146398928255678,1.8845495470650513
2025-02-21 11:12:37.950585,sunny,30.93003745592934,0.0
2025-02-21 12:12:37.950585,sunny,26.337085429846397,0.0
2025-02-21 13:12:37.950585,cloudy,27.389211401978507,1.2099751587856273
2025-02-21 14:12:37.950585,sunny,23.997410715632036,0.0
2025-02-21 15:12:37.950585,sunny,30.211011729588318,0.0
2025-02-21 16:12:37.950585,sunny,25.563149463487747,0.0
2025-02-21 17:12:37.950585,cloudy,21.901638490785924,0.1149030586646928
2025-02-21 18:12:37.950585,sunny,35.89827137524266,0.0
2025-02-21 19:12:37.950585,sunny,27.377845628143675,0.0
2025-02-21 20:12:37.950585,sunny,33.81947572847913,0.0
2025-02-21 21:12:37.950585,sunny,32.37746174480711,0.0
2025-02-21 22:12:37.950585,sunny,28.62875670574475,0.0
2025-02-21 23:12:37.950585,cloudy,20.18953317790558,0.0
2025-02-22 00:12:37.950585,sunny,27.22625807970136,0.0
2025-02-22 01:12:37.950585,sunny,27.217897863884104,0.0
2025-02-22 02:12:37.950585,rainy,20.650040893211795,3.484490815044521
2025-02-22 03:12:37.950585,rainy,24.628774226715166,10.618264507952677
2025-02-22 04:12:37.950585,rainy,16.816063698866966,2.896865278247871
2025-02-22 05:12:37.950585,sunny,28.975212244946988,0.0
2025-02-22 06:12:37.950585,rainy,23.56311555188954,1.00658631292337
2025-02-22 07:12:37.950585,sunny,36.96506437878624,0.0
2025-02-22 08:12:37.950585,sunny,27.904476576470046,0.0
2025-02-22 09:12:37.950585,sunny,24.502162228837406,0.0
2025-02-22 10:12:37.950585,sunny,31.387256236448376,0.0
2025-02-22 11:12:37.950585,sunny,35.96708618141473,0.0
2025-02-22 12:12:37.950585,sunny,35.99746431562278,0.0
2025-02-22 13:12:37.950585,sunny,26.10186731213268,0.0
2025-02-22 14:12:37.950585,cloudy,26.325750068103062,0.0
2025-02-22 15:12:37.950585,rainy,21.702430003443048,6.751523654228731
2025-02-22 16:12:37.950585,cloudy,23.267610533806902,0.0
2025-02-22 17:12:37.950585,rainy,20.64153863440427,2.842968678594721
2025-02-22 18:12:37.950585,sunny,30.06831845298021,0.0
2025-02-22 19:12:37.950585,cloudy,24.854614746001733,0.0
2025-02-22 20:12:37.950585,sunny,25.126595163237294,0.0
2025-02-22 21:12:37.950585,sunny,31.47758518091843,0.0
2025-02-22 22:12:37.950585,sunny,35.63482109063902,0.0
2025-02-22 23:12:37.950585,sunny,29.120440426759338,0.0
2025-02-23 00:12:37.950585,sunny,29.286264816037058,0.0
2025-02-23 01:12:37.950585,sunny,27.93482769926802,0.0
2025-02-23 02:12:37.950585,sunny,27.30852047388603,0.0
2025-02-23 03:12:37.950585,sunny,23.204097599018233,0.0
2025-02-23 04:12:37.950585,cloudy,22.116430787026136,0.0
2025-02-23 05:12:37.950585,sunny,37.717067398804836,0.0
2025-02-23 06:12:37.950585,sunny,34.17459731583429,0.0
2025-02-23 07:12:37.950585,sunny,29.546767827504347,0.0
2025-02-23 08:12:37.950585,sunny,31.698949946454636,0.0
2025-02-23 09:12:37.950585,sunny,30.03353910060519,0.0
2025-02-23 10:12:37.950585,sunny,31.174123793753953,0.0
2025-02-23 11:12:37.950585,cloudy,27.643865573949427,0.0
2025-02-23 12:12:37.950585,rainy,20.404377258473854,3.3083043010105446
2025-02-23 13:12:37.950585,sunny,28.780529109293628,0.0
2025-02-23 14:12:37.950585,sunny,20.926322515561885,0.0
2025-02-23 15:12:37.950585,cloudy,27.40043049460901,0.0
2025-02-23 16:12:37.950585,sunny,27.973092813172777,0.0
2025-02-23 17:12:37.950585,cloudy,24.035001358037984,0.22804626798764552
2025-02-23 18:12:37.950585,sunny,26.38666869877663,0.0
2025-02-23 19:12:37.950585,cloudy,25.421161295950103,0.0
2025-02-23 20:12:37.950585,cloudy,23.339047596075325,0.1505484475073793
2025-02-23 21:12:37.950585,cloudy,28.051856118237012,0.0
2025-02-23 22:12:37.950585,sunny,26.22008631134908,0.0
2025-02-23 23:12:37.950585,rainy,19.960007200368437,17.260698403968423
2025-02-24 00:12:37.950585,sunny,26.038128665905194,0.0
2025-02-24 01:12:37.950585,sunny,33.829849730291265,0.0
2025-02-24 02:12:37.950585,sunny,32.66188577808319,0.0
2025-02-24 03:12:37.950585,cloudy,21.64032717402515,0.0
2025-02-24 04:12:37.950585,rainy,20.075094789959735,1.04805116058193
2025-02-24 05:12:37.950585,cloudy,29.244068258169662,0.0
2025-02-24 06:12:37.950585,sunny,30.9519171218429,0.0
2025-02-24 07:12:37.950585,sunny,37.551973716957924,0.0
2025-02-24 08:12:37.950585,cloudy,26.4636044934201,0.0
2025-02-24 09:12:37.950585,sunny,35.21064601277588,0.0
2025-02-24 10:12:37.950585,cloudy,20.958863798926448,0.6073484323462333
2025-02-24 11:12:37.950585,cloudy,24.28490253837899,0.0
2025-02-24 12:12:37.950585,sunny,35.123126249353675,0.0
2025-02-24 13:12:37.950585,cloudy,20.180411262492854,0.0
2025-02-24 14:12:37.950585,cloudy,26.60101075318766,0.0
2025-02-24 15:12:37.950585,sunny,34.15934077268835,0.0
2025-02-24 16:12:37.950585,rainy,20.517024049040387,0.029265184287715924
2025-02-24 17:12:37.950585,rainy,18.802841139706818,28.98548846355583
2025-02-24 18:12:37.950585,sunny,29.80113943279882,0.0
2025-02-24 19:12:37.950585,sunny,27.71985532970461,0.0
2025-02-24 20:12:37.950585,cloudy,22.719687381221455,0.0
2025-02-24 21:12:37.950585,cloudy,23.64373311583576,0.0
2025-02-24 22:12:37.950585,sunny,33.25624914324846,0.0
2025-02-24 23:12:37.950585,sunny,34.74750055469834,0.0
2025-02-25 00:12:37.950585,cloudy,23.636121271801333,0.0
2025-02-25 01:12:37.950585,sunny,28.232151058115353,0.0
2025-02-25 02:12:37.950585,sunny,29.280466020364567,0.0
2025-02-25 03:12:37.950585,sunny,29.497298699475735,0.0
2025-02-25 04:12:37.950585,sunny,35.09271346018482,0.0
2025-02-25 05:12:37.950585,cloudy,20.812606408429716,3.1900297367412422
2025-02-25 06:12:37.950585,sunny,36.64099063299645,0.0
2025-02-25 07:12:37.950585,cloudy,22.55509611082345,0.12944272249765854
2025-02-25 08:12:37.950585,cloudy,29.387653867171693,0.0
2025-02-25 09:12:37.950585,cloudy,20.645017508950136,1.1179707230155167
2025-02-25 10:12:37.950585,sunny,26.93972278087373,0.0
2025-02-25 11:12:37.950585,sunny,26.22159842853635,0.0
2025-02-25 12:12:37.950585,sunny,27.282898642019088,0.0
2025-02-25 13:12:37.950585,sunny,26.38964705621988,0.0
2025-02-25 14:12:37.950585,sunny,26.68589239988742,0.0
2025-02-25 15:12:37.950585,cloudy,33.49337513011289,0.2017205483154369
2025-02-25 16:12:37.950585,sunny,24.78526194779382,0.0
2025-02-25 17:12:37.950585,sunny,29.28921565205652,0.0
2025-02-25 18:12:37.950585,sunny,24.082210554661163,0.0
2025-02-25 19:12:37.950585,cloudy,25.119972945178812,0.0
2025-02-25 20:12:37.950585,sunny,39.986350459248015,0.0
2025-02-25 21:12:37.950585,rainy,20.648693081803142,13.961641118863913
2025-02-25 22:12:37.950585,sunny,28.63428721786681,0.0
2025-02-25 23:12:37.950585,cloudy,25.979944066823382,0.8580960761677547
2025-02-26 00:12:37.950585,sunny,35.462072758863066,0.0
2025-02-26 01:12:37.950585,sunny,25.018061462005164,0.0
2025-02-26 02:12:37.950585,cloudy,33.89679060619996,0.0
2025-02-26 03:12:37.950585,sunny,19.207972993321043,0.0
2025-02-26 04:12:37.950585,cloudy,21.25513360132391,0.0
2025-02-26 05:12:37.950585,sunny,23.43167723640468,0.0
2025-02-26 06:12:37.950585,sunny,33.15769463062556,0.0
2025-02-26 07:12:37.950585,sunny,24.92851422048804,0.0
2025-02-26 08:12:37.950585,sunny,37.52957555435574,0.0
2025-02-26 09:12:37.950585,sunny,33.91548995842,0.0
2025-02-26 10:12:37.950585,cloudy,27.36308667478832,0.369260171191247
2025-02-26 11:12:37.950585,cloudy,24.784428807257108,0.0
2025-02-26 12:12:37.950585,cloudy,22.429222509007175,1.4851469245935665
2025-02-26 13:12:37.950585,sunny,31.33961099391952,0.0
2025-02-26 14:12:37.950585,cloudy,31.047177706794102,0.07493050091790056
2025-02-26 15:12:37.950585,sunny,26.48036800032213,0.0
2025-02-26 16:12:37.950585,sunny,41.81638775061976,0.0
2025-02-26 17:12:37.950585,rainy,17.969886630501083,3.225348982986641
2025-02-26 18:12:37.950585,rainy,19.208101372748278,6.919606078338322
2025-02-26 19:12:37.950585,sunny,31.256022487465653,0.0
2025-02-26 20:12:37.950585,sunny,23.010131168865197,0.0
2025-02-26 21:12:37.950585,sunny,33.21948494138785,0.0
2025-02-26 22:12:37.950585,cloudy,20.478502866134463,0.2782102807829775
2025-02-26 23:12:37.950585,cloudy,24.92797103318971,0.0
2025-02-27 00:12:37.950585,cloudy,26.866940715675682,0.0
2025-02-27 01:12:37.950585,cloudy,23.06606280387306,0.0
2025-02-27 02:12:37.950585,rainy,20.225026288994822,16.82221076693952
2025-02-27 03:12:37.950585,sunny,26.79629505585107,0.0
2025-02-27 04:12:37.950585,sunny,35.55811076708737,0.0
2025-02-27 05:12:37.950585,cloudy,29.656585345096865,0.0
2025-02-27 06:12:37.950585,sunny,32.60588762182954,0.0
2025-02-27 07:12:37.950585,sunny,31.105938065227257,0.0
2025-02-27 08:12:37.950585,sunny,27.368370894197895,0.0
2025-02-27 09:12:37.950585,sunny,32.47726468919109,0.0
2025-02-27 10:12:37.950585,sunny,30.770150197019593,0.0
2025-02-27 11:12:37.950585,sunny,19.83461061031985,0.0
2025-02-27 12:12:37.950585,sunny,32.679809097332566,0.0
2025-02-27 13:12:37.950585,sunny,32.56159889507573,0.0
2025-02-27 14:12:37.950585,cloudy,25.04673824953357,0.0
2025-02-27 15:12:37.950585,cloudy,25.399112590854923,0.0
2025-02-27 16:12:37.950585,sunny,27.560199624612174,0.0
2025-02-27 17:12:37.950585,sunny,29.907318162369,0.0
2025-02-27 18:12:37.950585,sunny,30.548490646651526,0.0
2025-02-27 19:12:37.950585,rainy,18.793043559641596,4.461677300959651
2025-02-27 20:12:37.950585,rainy,20.896941409091653,6.508589870011928
2025-02-27 21:12:37.950585,sunny,23.928179853774882,0.0
2025-02-27 22:12:37.950585,sunny,32.763736357953604,0.0
2025-02-27 23:12:37.950585,cloudy,23.579203505078414,0.0
2025-02-28 00:12:37.950585,rainy,19.90287583916605,7.1852872884188965
2025-02-28 01:12:37.950585,sunny,27.32632692600532,0.0
2025-02-28 02:12:37.950585,cloudy,30.789243352953974,1.2202676472211742
2025-02-28 03:12:37.950585,sunny,37.69258737805497,0.0
2025-02-28 04:12:37.950585,sunny,29.85316398155814,0.0
2025-02-28 05:12:37.950585,sunny,27.941820401311347,0.0
2025-02-28 06:12:37.950585,cloudy,26.809754832124803,0.0
2025-02-28 07:12:37.950585,cloudy,23.984803854398393,0.805142471434591
2025-02-28 08:12:37.950585,sunny,30.23702729631807,0.0
2025-02-28 09:12:37.950585,sunny,33.87116175147642,0.0
2025-02-28 10:12:37.950585,rainy,19.11851453346353,7.137580555684753
2025-02-28 11:12:37.950585,rainy,22.159654688688665,31.542822694185016
2025-02-28 12:12:37.950585,sunny,30.497229508378986,0.0
2025-02-28 13:12:37.950585,sunny,29.153404106902297,0.0
2025-02-28 14:12:37.950585,sunny,35.70744079935174,0.0
2025-02-28 15:12:37.950585,cloudy,23.65675429607838,0.0
2025-02-28 16:12:37.950585,sunny,30.619824344235766,0.0
2025-02-28 17:12:37.950585,sunny,27.119528195958086,0.0
2025-02-28 18:12:37.950585,sunny,30.524663987236927,0.0
2025-02-28 19:12:37.950585,sunny,27.81636153298247,0.0
2025-02-28 20:12:37.950585,sunny,31.769096648002158,0.0
2025-02-28 21:12:37.950585,cloudy,28.03452317273685,0.0
2025-02-28 22:12:37.950585,sunny,25.08016780534719,0.0
2025-02-28 23:12:37.950585,sunny,27.269325864489428,0.0
2025-03-01 00:12:37.950585,sunny,26.03288614008138,0.0
2025-03-01 01:12:37.950585,sunny,26.54258900232828,0.0
2025-03-01 02:12:37.950585,sunny,28.43554858370492,0.0
2025-03-01 03:12:37.950585,sunny,33.74194046967708,0.0
2025-03-01 04:12:37.950585,cloudy,23.626135554790736,0.0
2025-03-01 05:12:37.950585,sunny,31.947910854701952,0.0
2025-03-01 06:12:37.950585,sunny,29.219807490276246,0.0
2025-03-01 07:12:37.950585,sunny,27.010364252787014,0.0
2025-03-01 08:12:37.950585,rainy,23.264098863432693,2.478204141576652
2025-03-01 09:12:37.950585,sunny,27.396812027913217,0.0
2025-03-01 10:12:37.950585,sunny,26.821731787996374,0.0
2025-03-01 11:12:37.950585,sunny,35.63433579785654,0.0
2025-03-01 12:12:37.950585,cloudy,25.518941947772962,0.0
2025-03-01 13:12:37.950585,cloudy,34.475412794302784,0.0
2025-03-01 14:12:37.950585,cloudy,21.707655129907103,0.0
2025-03-01 15:12:37.950585,sunny,25.11681250809844,0.0
2025-03-01 16:12:37.950585,cloudy,27.26651650190681,0.0
2025-03-01 17:12:37.950585,cloudy,23.38162114572152,0.0
2025-03-01 18:12:37.950585,sunny,25.83717085324323,0.0
2025-03-01 19:12:37.950585,cloudy,25.659932668000458,0.0
2025-03-01 20:12:37.950585,cloudy,26.28395160800343,0.7772003187224024
2025-03-01 21:12:37.950585,sunny,32.08939948827439,0.0
2025-03-01 22:12:37.950585,sunny,30.838780872951155,0.0
2025-03-01 23:12:37.950585,sunny,25.90420050619226,0.0
2025-03-02 00:12:37.950585,sunny,35.87835482125814,0.0
2025-03-02 01:12:37.950585,sunny,36.50417722289322,0.0
2025-03-02 02:12:37.950585,rainy,19.53645445906427,2.321186595085696
2025-03-02 03:12:37.950585,sunny,22.941611453760963,0.0
2025-03-02 04:12:37.950585,cloudy,23.154337013396237,1.8811051719927656
2025-03-02 05:12:37.950585,cloudy,24.394723978709912,0.015539961005190698
2025-03-02 06:12:37.950585,rainy,20.846896034884175,2.49028691109284
2025-03-02 07:12:37.950585,cloudy,26.553740242052402,0.2653266200905319
2025-03-02 08:12:37.950585,cloudy,26.01213951698507,0.0
2025-03-02 09:12:37.950585,rainy,22.736044696165337,1.6810687920390486
2025-03-02 10:12:37.950585,sunny,28.975125985990914,0.0
2025-03-02 11:12:37.950585,cloudy,24.753517277919187,0.0
2025-03-02 12:12:37.950585,sunny,37.43032649425275,0.0
2025-03-02 13:12:37.950585,cloudy,25.635919599936027,0.0
2025-03-02 14:12:37.950585,rainy,21.173808756181767,2.7327315811216706
2025-03-02 15:12:37.950585,sunny,32.857398954335835,0.0
2025-03-02 16:12:37.950585,cloudy,28.797612787238663,0.0
2025-03-02 17:12:37.950585,sunny,31.59627546120833,0.0
2025-03-02 18:12:37.950585,sunny,20.029084115750795,0.0
2025-03-02 19:12:37.950585,sunny,32.10098794025977,0.0
2025-03-02 20:12:37.950585,rainy,20.478388147459547,11.683929045762433
2025-03-02 21:12:37.950585,cloudy,15.627767596530731,0.0
2025-03-02 22:12:37.950585,rainy,17.85977188779878,19.34299124144183
2025-03-02 23:12:37.950585,sunny,32.700928445976785,0.0
2025-03-03 00:12:37.950585,cloudy,28.555287035647712,0.0
2025-03-03 01:12:37.950585,sunny,25.19271774894352,0.0
2025-03-03 02:12:37.950585,sunny,28.909803439627854,0.0
2025-03-03 03:12:37.950585,cloudy,21.915756398272762,1.8283484182890921
2025-03-03 04:12:37.950585,sunny,29.572957429911465,0.0
2025-03-03 05:12:37.950585,sunny,33.85114515528459,0.0
2025-03-03 06:12:37.950585,sunny,25.705748803379215,0.0
2025-03-03 07:12:37.950585,cloudy,26.04984794220432,0.0
2025-03-03 08:12:37.950585,sunny,24.507860403040038,0.0
2025-03-03 09:12:37.950585,sunny,33.79686249361308,0.0
2025-03-03 10:12:37.950585,sunny,25.314688654400975,0.0
2025-03-03 11:12:37.950585,rainy,23.478671861043594,4.3026925287182
2025-03-03 12:12:37.950585,sunny,38.87840067102131,0.0
2025-03-03 13:12:37.950585,sunny,31.083477346077064,0.0
2025-03-03 14:12:37.950585,sunny,30.071245000789702,0.0
2025-03-03 15:12:37.950585,cloudy,27.250580932600464,0.0
2025-03-03 16:12:37.950585,sunny,27.87247457695537,0.0
2025-03-03 17:12:37.950585,sunny,27.32003304959077,0.0
2025-03-03 18:12:37.950585,sunny,31.03900755678151,0.0
2025-03-03 19:12:37.950585,cloudy,25.361345917734997,0.0
2025-03-03 20:12:37.950585,cloudy,23.715332299736907,0.0
2025-03-03 21:12:37.950585,sunny,34.562395289512395,0.0
2025-03-03 22:12:37.950585,cloudy,24.725540708383342,0.0
2025-03-03 23:12:37.950585,rainy,20.507290961587778,8.777165761887403
2025-03-04 00:12:37.950585,cloudy,25.303751555279092,0.24125423741713878
2025-03-04 01:12:37.950585,sunny,30.20834485228629,0.0
2025-03-04 02:12:37.950585,sunny,31.061887877716625,0.0
2025-03-04 03:12:37.950585,rainy,16.882699147419924,23.12974771404145
2025-03-04 04:12:37.950585,sunny,31.328572640643007,0.0
2025-03-04 05:12:37.950585,rainy,20.511033325913903,1.6387646169367693
2025-03-04 06:12:37.950585,cloudy,23.879104797918593,1.1178627978995244
2025-03-04 07:12:37.950585,sunny,41.435250004505875,0.0
2025-03-04 08:12:37.950585,sunny,14.871895090549632,0.0
2025-03-04 09:12:37.950585,cloudy,22.381397571956832,0.0
2025-03-04 10:12:37.950585,sunny,24.803459087046313,0.0
2025-03-04 11:12:37.950585,sunny,32.95314566563705,0.0
2025-03-04 12:12:37.950585,sunny,27.854721768558953,0.0
2025-03-04 13:12:37.950585,rainy,23.829884715333296,0.7417664551666585
2025-03-04 14:12:37.950585,sunny,21.23466214641934,0.0
2025-03-04 15:12:37.950585,cloudy,24.152567835011546,0.30118970686207513
2025-03-04 16:12:37.950585,sunny,31.226845589924856,0.0
2025-03-04 17:12:37.950585,rainy,20.965844022909714,5.308637937940469
2025-03-04 18:12:37.950585,sunny,33.10464625997677,0.0
2025-03-04 19:12:37.950585,sunny,34.192184505436856,0.0
2025-03-04 20:12:37.950585,cloudy,26.52704559883698,0.0
2025-03-04 21:12:37.950585,sunny,31.725804600578034,0.0
2025-03-04 22:12:37.950585,rainy,22.42608832077715,17.611232821483693
2025-03-04 23:12:37.950585,cloudy,24.730544516194655,2.1096900718358658
2025-03-05 00:12:37.950585,sunny,31.86611555039865,0.0
2025-03-05 01:12:37.950585,rainy,20.07013795322305,19.46802664808097
2025-03-05 02:12:37.950585,sunny,36.4012473330086,0.0
2025-03-05 03:12:37.950585,cloudy,26.928179279977922,0.0
2025-03-05 04:12:37.950585,sunny,36.04303698187704,0.0
2025-03-05 05:12:37.950585,sunny,22.43412881638873,0.0
2025-03-05 06:12:37.950585,sunny,30.884714642534753,0.0
2025-03-05 07:12:37.950585,sunny,37.9793799708232,0.0
2025-03-05 08:12:37.950585,sunny,27.577935205005897,0.0
2025-03-05 09:12:37.950585,sunny,27.967490866051584,0.0
2025-03-05 10:12:37.950585,sunny,31.124006536131127,0.0
2025-03-05 11:12:37.950585,sunny,34.04550120612117,0.0
2025-03-05 12:12:37.950585,sunny,30.205219956821363,0.0
2025-03-05 13:12:37.950585,sunny,27.987936337288456,0.0
2025-03-05 14:12:37.950585,rainy,19.368002973355825,7.311516223846532
2025-03-05 15:12:37.950585,sunny,37.63255187523475,0.0
2025-03-05 16:12:37.950585,sunny,25.741332349543733,0.0
2025-03-05 17:12:37.950585,cloudy,29.03443667406318,0.6832046660000525
2025-03-05 18:12:37.950585,cloudy,30.181181781973514,0.0
2025-03-05 19:12:37.950585,cloudy,26.849823962248948,0.0
2025-03-05 20:12:37.950585,cloudy,28.185835173186497,0.0
2025-03-05 21:12:37.950585,sunny,33.21420837233811,0.0
2025-03-05 22:12:37.950585,cloudy,23.143066598057473,0.0
2025-03-05 23:12:37.950585,sunny,35.52962393596097,0.0
2025-03-06 00:12:37.950585,cloudy,21.640700746485454,0.0
2025-03-06 01:12:37.950585,sunny,38.885937991208934,0.0
2025-03-06 02:12:37.950585,cloudy,23.406211621418922,0.0
2025-03-06 03:12:37.950585,sunny,32.77136335888562,0.0
2025-03-06 04:12:37.950585,cloudy,21.838365283585176,0.5072272189192335
2025-03-06 05:12:37.950585,rainy,20.810564162466086,17.152712955332287
2025-03-06 06:12:37.950585,rainy,20.20771984257871,2.7581635765599124
2025-03-06 07:12:37.950585,sunny,40.506791252951565,0.0
2025-03-06 08:12:37.950585,sunny,24.919567599312177,0.0
2025-03-06 09:12:37.950585,cloudy,25.926492481849326,0.8510657489725237
2025-03-06 10:12:37.950585,cloudy,28.213606935829652,0.0
2025-03-06 11:12:37.950585,cloudy,23.489177948762237,1.2884813575426253
2025-03-06 12:12:37.950585,cloudy,28.35662254986072,0.06100306031196584
2025-03-06 13:12:37.950585,sunny,29.22225225381376,0.0
2025-03-06 14:12:37.950585,sunny,30.84124759820162,0.0
2025-03-06 15:12:37.950585,sunny,26.783069876929254,0.0
2025-03-06 16:12:37.950585,rainy,18.876399556583024,13.211524028794987
2025-03-06 17:12:37.950585,cloudy,24.85586880989931,0.0
2025-03-06 18:12:37.950585,sunny,29.82922285334458,0.0
2025-03-06 19:12:37.950585,sunny,26.18093034951224,0.0
2025-03-06 20:12:37.950585,cloudy,26.759915653475662,0.0
2025-03-06 21:12:37.950585,sunny,31.876615982590987,0.0
2025-03-06 22:12:37.950585,sunny,25.974255919374396,0.0
2025-03-06 23:12:37.950585,cloudy,26.499269547128222,0.0
2025-03-07 00:12:37.950585,sunny,20.023414571868624,0.0
2025-03-07 01:12:37.950585,sunny,33.28801627156462,0.0
2025-03-07 02:12:37.950585,sunny,30.570750073514922,0.0
2025-03-07 03:12:37.950585,sunny,27.84022415676862,0.0
2025-03-07 04:12:37.950585,sunny,38.39782092000104,0.0
2025-03-07 05:12:37.950585,cloudy,24.46901471799991,0.0
2025-03-07 06:12:37.950585,sunny,25.69353065800528,0.0
2025-03-07 07:12:37.950585,cloudy,25.301285255689262,0.0
2025-03-07 08:12:37.950585,sunny,23.611247482494882,0.0
2025-03-07 09:12:37.950585,rainy,21.428547685621037,9.458039753810308
2025-03-07 10:12:37.950585,cloudy,26.742348862927738,0.0
2025-03-07 11:12:37.950585,sunny,24.21349741830821,0.0
2025-03-07 12:12:37.950585,sunny,35.760163412969376,0.0
2025-03-07 13:12:37.950585,sunny,35.57317301529058,0.0
2025-03-07 14:12:37.950585,sunny,30.376568110840175,0.0
2025-03-07 15:12:37.950585,cloudy,24.24237629995464,0.0
2025-03-07 16:12:37.950585,cloudy,24.858548311667384,0.0
2025-03-07 17:12:37.950585,sunny,31.380421947644848,0.0
2025-03-07 18:12:37.950585,cloudy,24.578768649620255,0.0
2025-03-07 19:12:37.950585,rainy,16.85929826796167,7.400725668013055
2025-03-07 20:12:37.950585,rainy,19.561998838496468,20.12608410126255
2025-03-07 21:12:37.950585,sunny,27.919767037090978,0.0
2025-03-07 22:12:37.950585,sunny,30.295002228927338,0.0
2025-03-07 23:12:37.950585,sunny,23.859066929391794,0.0
2025-03-08 00:12:37.950585,sunny,37.98942537923331,0.0
2025-03-08 01:12:37.950585,cloudy,25.906442083861972,0.0
2025-03-08 02:12:37.950585,cloudy,24.605310207606735,0.0
2025-03-08 03:12:37.950585,sunny,33.25719136500289,0.0
2025-03-08 04:12:37.950585,cloudy,21.460404187091527,0.09384692955890343
2025-03-08 05:12:37.950585,sunny,30.725156523146566,0.0
2025-03-08 06:12:37.950585,sunny,23.59496583505152,0.0
2025-03-08 07:12:37.950585,rainy,20.75823022028867,8.109097511626032
2025-03-08 08:12:37.950585,cloudy,20.142694137073846,0.0
2025-03-08 09:12:37.950585,sunny,32.327334350397564,0.0
2025-03-08 10:12:37.950585,sunny,32.64054708758543,0.0
2025-03-08 11:12:37.950585,sunny,19.61275899076032,0.0
2025-03-08 12:12:37.950585,sunny,21.83150161517233,0.0
2025-03-08 13:12:37.950585,sunny,33.588827573171294,0.0
2025-03-08 14:12:37.950585,sunny,30.336673897867097,0.0
2025-03-08 15:12:37.950585,sunny,33.72120612733577,0.0
2025-03-08 16:12:37.950585,sunny,33.0501145314512,0.0
2025-03-08 17:12:37.950585,sunny,35.040652179970415,0.0
2025-03-08 18:12:37.950585,sunny,43.93503777208275,0.0
2025-03-08 19:12:37.950585,rainy,20.580877682849554,0.9323495271677666
2025-03-08 20:12:37.950585,cloudy,31.646873347219852,0.0
2025-03-08 21:12:37.950585,sunny,26.20449896461335,0.0
2025-03-08 22:12:37.950585,sunny,27.624434778179243,0.0
2025-03-08 23:12:37.950585,cloudy,22.776050592498873,0.0
2025-03-09 00:12:37.950585,cloudy,25.346292167217342,0.0
2025-03-09 01:12:37.950585,sunny,20.15987865153707,0.0
2025-03-09 02:12:37.950585,sunny,35.78954487658705,0.0
2025-03-09 03:12:37.950585,sunny,33.11473089020004,0.0
2025-03-09 04:12:37.950585,sunny,21.468759747447095,0.0
2025-03-09 05:12:37.950585,sunny,34.03796170200305,0.0
2025-03-09 06:12:37.950585,cloudy,24.937207088771878,0.13582103677814822
2025-03-09 07:12:37.950585,sunny,27.495118096953096,0.0
2025-03-09 08:12:37.950585,cloudy,24.283745485163905,0.5703395377475969
2025-03-09 09:12:37.950585,sunny,19.992423643735275,0.0
2025-03-09 10:12:37.950585,sunny,24.494803428008353,0.0
2025-03-09 11:12:37.950585,sunny,33.21903669486591,0.0
2025-03-09 12:12:37.950585,sunny,26.698424724030534,0.0
2025-03-09 13:12:37.950585,sunny,20.07620467393842,0.0
2025-03-09 14:12:37.950585,sunny,29.037276356852956,0.0
2025-03-09 15:12:37.950585,sunny,17.317722635143262,0.0
2025-03-09 16:12:37.950585,sunny,33.101564787925355,0.0
2025-03-09 17:12:37.950585,cloudy,20.837095840702467,0.0
2025-03-09 18:12:37.950585,sunny,33.36129560389962,0.0
2025-03-09 19:12:37.950585,sunny,26.523680323339562,0.0
2025-03-09 20:12:37.950585,cloudy,23.179252145795957,0.0
2025-03-09 21:12:37.950585,cloudy,27.868308479831114,0.0
2025-03-09 22:12:37.950585,rainy,17.39285257322318,5.407063438148947
2025-03-09 23:12:37.950585,cloudy,23.37258827300338,0.0
2025-03-10 00:12:37.950585,cloudy,30.96333192090185,0.0
2025-03-10 01:12:37.950585,cloudy,26.105755760414148,4.131351859625956
2025-03-10 02:12:37.950585,sunny,24.322911628808427,0.0
2025-03-10 03:12:37.950585,sunny,24.680163810556248,0.0
2025-03-10 04:12:37.950585,cloudy,24.724366232351898,0.08439618606261769
2025-03-10 05:12:37.950585,sunny,43.22834696294328,0.0
2025-03-10 06:12:37.950585,cloudy,21.05858117528031,0.0
2025-03-10 07:12:37.950585,cloudy,21.847228822349322,0.37185418310534274
2025-03-10 08:12:37.950585,sunny,25.20886937154984,0.0
2025-03-10 09:12:37.950585,sunny,31.891653682524428,0.0
2025-03-10 10:12:37.950585,cloudy,24.207605581253752,0.0
2025-03-10 11:12:37.950585,sunny,24.92980561449948,0.0
2025-03-10 12:12:37.950585,cloudy,27.68963506412178,0.0
2025-03-10 13:12:37.950585,rainy,19.0644771895644,0.2290881714591707
2025-03-10 14:12:37.950585,sunny,35.33637793085929,0.0
2025-03-10 15:12:37.950585,sunny,25.840571301976254,0.0
2025-03-10 16:12:37.950585,rainy,19.770428039369282,9.471637256106872
2025-03-10 17:12:37.950585,cloudy,23.854668114889776,0.0
2025-03-10 18:12:37.950585,cloudy,25.69877601199039,0.7488354634498453
2025-03-10 19:12:37.950585,sunny,35.84967105515206,0.0
2025-03-10 20:12:37.950585,sunny,29.551945871556192,0.0
2025-03-10 21:12:37.950585,sunny,25.837001842133066,0.0
2025-03-10 22:12:37.950585,cloudy,23.345495280706505,0.0
2025-03-10 23:12:37.950585,cloudy,24.878822074480993,0.0
2025-03-11 00:12:37.950585,sunny,28.786061884135506,0.0
2025-03-11 01:12:37.950585,cloudy,25.656512909946382,0.08933844448984914
2025-03-11 02:12:37.950585,sunny,36.1909623994329,0.0
2025-03-11 03:12:37.950585,cloudy,26.21508719684744,0.0
2025-03-11 04:12:37.950585,sunny,27.125710053283445,0.0
2025-03-11 05:12:37.950585,cloudy,21.84653632799808,0.0
2025-03-11 06:12:37.950585,sunny,33.88089199961141,0.0
2025-03-11 07:12:37.950585,cloudy,29.269066645823298,1.109075016742881
2025-03-11 08:12:37.950585,cloudy,24.581682965733037,0.6528441463681774
2025-03-11 09:12:37.950585,sunny,24.6779934710712,0.0
2025-03-11 10:12:37.950585,cloudy,21.110292758372687,0.2855324004707339
2025-03-11 11:12:37.950585,sunny,29.26789207970749,0.0
2025-03-11 12:12:37.950585,sunny,17.12595296326821,0.0
2025-03-11 13:12:37.950585,sunny,25.98640324935411,0.0
2025-03-11 14:12:37.950585,sunny,31.174789136944465,0.0
2025-03-11 15:12:37.950585,sunny,31.925965536314063,0.0
2025-03-11 16:12:37.950585,rainy,19.49218806231382,7.556558469951492
2025-03-11 17:12:37.950585,sunny,22.8948658993501,0.0
2025-03-11 18:12:37.950585,rainy,19.83921291113534,6.520384030085312
2025-03-11 19:12:37.950585,cloudy,25.81710651802629,0.0
2025-03-11 20:12:37.950585,sunny,19.963146597823524,0.0
2025-03-11 21:12:37.950585,cloudy,28.922154567395378,0.0
2025-03-11 22:12:37.950585,cloudy,26.169080482485356,0.0
2025-03-11 23:12:37.950585,rainy,20.488816135206832,1.9123419961567325
2025-03-12 00:12:37.950585,sunny,36.510155332086065,0.0
2025-03-12 01:12:37.950585,cloudy,23.824003353755153,0.0
2025-03-12 02:12:37.950585,cloudy,32.698743543647396,0.25532916265030886
2025-03-12 03:12:37.950585,rainy,21.535919746357674,2.060645093115795
2025-03-12 04:12:37.950585,sunny,33.63927356002312,0.0
2025-03-12 05:12:37.950585,sunny,32.96195997234742,0.0
2025-03-12 06:12:37.950585,rainy,19.821849330733926,7.055306314610611
2025-03-12 07:12:37.950585,sunny,35.22219819374668,0.0
2025-03-12 08:12:37.950585,sunny,22.202211720429297,0.0
2025-03-12 09:12:37.950585,sunny,25.15105500435987,0.0
2025-03-12 10:12:37.950585,cloudy,20.520851381266702,0.0
2025-03-12 11:12:37.950585,sunny,37.48098551606269,0.0
2025-03-12 12:12:37.950585,cloudy,26.19614668106507,0.0
2025-03-12 13:12:37.950585,cloudy,25.98075243067673,0.0
2025-03-12 14:12:37.950585,cloudy,28.296083814562557,0.49575666238428506
2025-03-12 15:12:37.950585,cloudy,22.898961882306104,0.0
2025-03-12 16:12:37.950585,rainy,14.958367357386422,15.826027886459165
2025-03-12 17:12:37.950585,sunny,29.15424132349033,0.0
2025-03-12 18:12:37.950585,sunny,37.696502390124806,0.0
2025-03-12 19:12:37.950585,rainy,19.67600098737037,0.6139567600998439
2025-03-12 20:12:37.950585,cloudy,22.81732129538833,2.4874281988643876
2025-03-12 21:12:37.950585,sunny,28.790530845548588,0.0
2025-03-12 22:12:37.950585,cloudy,27.43245911828872,0.0
2025-03-12 23:12:37.950585,sunny,35.46475425913358,0.0
2025-03-13 00:12:37.950585,rainy,18.400259396634137,1.1171143047976815
2025-03-13 01:12:37.950585,sunny,39.92736960565769,0.0
2025-03-13 02:12:37.950585,rainy,23.94873213197544,9.623276272332658
2025-03-13 03:12:37.950585,sunny,32.07419452055952,0.0
2025-03-13 04:12:37.950585,sunny,27.93408524029041,0.0
2025-03-13 05:12:37.950585,rainy,18.224088483314244,9.252788667756182
2025-03-13 06:12:37.950585,cloudy,24.01121343296826,0.27293100093362915
2025-03-13 07:12:37.950585,cloudy,26.2928309649511,0.47199742290730096
2025-03-13 08:12:37.950585,rainy,19.05272602625736,46.96838888386752
2025-03-13 09:12:37.950585,sunny,34.0391920800936,0.0
2025-03-13 10:12:37.950585,cloudy,22.3581920684896,0.0
2025-03-13 11:12:37.950585,cloudy,25.60427564574844,0.4209822504594915
2025-03-13 12:12:37.950585,sunny,29.437452745370795,0.0
2025-03-13 13:12:37.950585,rainy,19.584677800913912,21.8253203827377
2025-03-13 14:12:37.950585,sunny,30.577837635860206,0.0
2025-03-13 15:12:37.950585,sunny,26.786775869385572,0.0
2025-03-13 16:12:37.950585,sunny,19.796296020264027,0.0
2025-03-13 17:12:37.950585,rainy,18.586030388508426,0.12901878231488934
2025-03-13 18:12:37.950585,cloudy,22.28310145818238,0.3203223744594424
2025-03-13 19:12:37.950585,cloudy,27.49048692966017,0.03797172814040052
2025-03-13 20:12:37.950585,sunny,26.196268491628118,0.0
2025-03-13 21:12:37.950585,sunny,28.389581693671364,0.0
2025-03-13 22:12:37.950585,sunny,36.0700928738237,0.0
2025-03-13 23:12:37.950585,sunny,26.297437233835588,0.0
2025-03-14 00:12:37.950585,rainy,20.90768069792405,1.133261809609834
2025-03-14 01:12:37.950585,rainy,17.78066760525891,18.792159820463645
2025-03-14 02:12:37.950585,sunny,22.890146809145868,0.0
2025-03-14 03:12:37.950585,rainy,16.504211548594956,9.546856250005359
2025-03-14 04:12:37.950585,sunny,26.28978492482052,0.0
2025-03-14 05:12:37.950585,cloudy,26.118339420963174,0.0
2025-03-14 06:12:37.950585,cloudy,23.906834002460805,0.0
2025-03-14 07:12:37.950585,sunny,34.073818483189065,0.0
2025-03-14 08:12:37.950585,cloudy,23.96231615351154,0.0
2025-03-14 09:12:37.950585,sunny,35.65668465270697,0.0
2025-03-14 10:12:37.950585,cloudy,27.354895975252546,0.0
2025-03-14 11:12:37.950585,sunny,31.275307210780653,0.0
2025-03-14 12:12:37.950585,cloudy,24.472097259003338,0.3526651448376489
2025-03-14 13:12:37.950585,cloudy,22.569504271444167,0.0
2025-03-14 14:12:37.950585,cloudy,23.55275435399689,0.0
2025-03-14 15:12:37.950585,sunny,20.79333861067542,0.0
2025-03-14 16:12:37.950585,sunny,33.960038216860205,0.0
2025-03-14 17:12:37.950585,cloudy,22.895028918073223,0.0
2025-03-14 18:12:37.950585,rainy,19.796364399494593,11.817449583274808
2025-03-14 19:12:37.950585,sunny,26.672333277574115,0.0
2025-03-14 20:12:37.950585,sunny,40.47222801605287,0.0
2025-03-14 21:12:37.950585,sunny,26.83904416858794,0.0
2025-03-14 22:12:37.950585,sunny,35.95202322888591,0.0
2025-03-14 23:12:37.950585,sunny,22.25055999013005,0.0
2025-03-15 00:12:37.950585,sunny,27.231555302583402,0.0
2025-03-15 01:12:37.950585,sunny,37.129996280283635,0.0
2025-03-15 02:12:37.950585,cloudy,25.6323129071674,1.5598527583336446
2025-03-15 03:12:37.950585,rainy,20.323156718622812,34.25384384498421
2025-03-15 04:12:37.950585,sunny,32.01477425511927,0.0
2025-03-15 05:12:37.950585,sunny,31.43608153127318,0.0
2025-03-15 06:12:37.950585,sunny,39.59791174777203,0.0
2025-03-15 07:12:37.950585,sunny,20.792721419722383,0.0
2025-03-15 08:12:37.950585,cloudy,25.66525125706262,0.0
2025-03-15 09:12:37.950585,sunny,17.945956659122302,0.0
2025-03-15 10:12:37.950585,cloudy,27.378970594254824,0.258098039733943
2025-03-15 11:12:37.950585,cloudy,17.720578570810627,0.0
2025-03-15 12:12:37.950585,sunny,24.195975810027466,0.0
2025-03-15 13:12:37.950585,rainy,16.88967980847007,4.696495696299145
2025-03-15 14:12:37.950585,cloudy,24.031390683028118,0.0
2025-03-15 15:12:37.950585,sunny,34.68746391247161,0.0
2025-03-15 16:12:37.950585,sunny,20.76025154692404,0.0
2025-03-15 17:12:37.950585,sunny,26.77961931198725,0.0
2025-03-15 18:12:37.950585,sunny,27.943294843467086,0.0
2025-03-15 19:12:37.950585,sunny,22.684409243858806,0.0
2025-03-15 20:12:37.950585,rainy,18.42405220099126,5.015144571536
2025-03-15 21:12:37.950585,sunny,35.495350360618374,0.0
2025-03-15 22:12:37.950585,sunny,31.007581876096022,0.0
2025-03-15 23:12:37.950585,sunny,20.631228734378208,0.0
2025-03-16 00:12:37.950585,sunny,34.59343183550288,0.0
2025-03-16 01:12:37.950585,sunny,38.88503331465572,0.0
2025-03-16 02:12:37.950585,cloudy,23.448154747840107,0.2511146794111874
2025-03-16 03:12:37.950585,sunny,19.45885933208267,0.0
2025-03-16 04:12:37.950585,sunny,25.88283202733915,0.0
2025-03-16 05:12:37.950585,rainy,16.906056492000463,0.5587024501402931
2025-03-16 06:12:37.950585,sunny,24.288677309456816,0.0
2025-03-16 07:12:37.950585,sunny,30.5128324772407,0.0
2025-03-16 08:12:37.950585,sunny,38.45163602856039,0.0
2025-03-16 09:12:37.950585,cloudy,25.58817653163771,0.0
2025-03-16 10:12:37.950585,sunny,33.531800412419486,0.0
2025-03-16 11:12:37.950585,sunny,25.71795494145444,0.0
2025-03-16 12:12:37.950585,sunny,24.135694607294194,0.0
2025-03-16 13:12:37.950585,cloudy,27.94557167310082,0.0
2025-03-16 14:12:37.950585,sunny,32.91375667419447,0.0
2025-03-16 15:12:37.950585,sunny,23.809353165772453,0.0
2025-03-16 16:12:37.950585,rainy,20.38146496830109,16.342503044324033
2025-03-16 17:12:37.950585,sunny,30.713673155504953,0.0
2025-03-16 18:12:37.950585,sunny,21.541788221596565,0.0
2025-03-16 19:12:37.950585,cloudy,21.885758907543178,0.0
2025-03-16 20:12:37.950585,cloudy,23.547226759411643,0.0
2025-03-16 21:12:37.950585,sunny,25.456834639480768,0.0
2025-03-16 22:12:37.950585,rainy,21.341421589980744,61.40106214894597
2025-03-16 23:12:37.950585,cloudy,23.5673885681347,0.0
2025-03-17 00:12:37.950585,cloudy,23.899026080075508,0.0
2025-03-17 01:12:37.950585,sunny,29.91908877705175,0.0
2025-03-17 02:12:37.950585,sunny,26.420677447935166,0.0
2025-03-17 03:12:37.950585,sunny,27.699252592289977,0.0
2025-03-17 04:12:37.950585,sunny,29.07237397893127,0.0
2025-03-17 05:12:37.950585,cloudy,25.031573712707186,0.43864770212550375
2025-03-17 06:12:37.950585,cloudy,27.05273345832326,0.9124108839221701
2025-03-17 07:12:37.950585,cloudy,25.970646056779227,0.0
2025-03-17 08:12:37.950585,sunny,31.17753403466293,0.0
2025-03-17 09:12:37.950585,sunny,35.44124914901876,0.0
2025-03-17 10:12:37.950585,sunny,42.675287613115145,0.0
2025-03-17 11:12:37.950585,sunny,29.222414851133443,0.0
2025-03-17 12:12:37.950585,sunny,36.076491731287575,0.0
2025-03-17 13:12:37.950585,sunny,35.88199792818252,0.0
2025-03-17 14:12:37.950585,cloudy,24.548542252804037,0.0
2025-03-17 15:12:37.950585,sunny,25.390373081715502,0.0
2025-03-17 16:12:37.950585,sunny,27.399479158838915,0.0
2025-03-17 17:12:37.950585,sunny,27.095447713190275,0.0
2025-03-17 18:12:37.950585,cloudy,22.010541794729235,0.0
2025-03-17 19:12:37.950585,cloudy,29.487994624418846,0.0
2025-03-17 20:12:37.950585,rainy,21.1048385567953,4.914662019042707
2025-03-17 21:12:37.950585,sunny,30.014649475629206,0.0
2025-03-17 22:12:37.950585,sunny,27.200094858961204,0.0
2025-03-17 23:12:37.950585,cloudy,20.63104976833405,0.0
2025-03-18 00:12:37.950585,cloudy,21.96787406731534,0.0
2025-03-18 01:12:37.950585,sunny,33.26978433906085,0.0
2025-03-18 02:12:37.950585,rainy,21.242917597620927,3.602272708508871
2025-03-18 03:12:37.950585,cloudy,23.788645379028043,2.2020599642973444
2025-03-18 04:12:37.950585,rainy,17.60412206519088,3.6052850252452764
2025-03-18 05:12:37.950585,sunny,33.56128193222927,0.0
2025-03-18 06:12:37.950585,sunny,25.2431816067525,0.0
2025-03-18 07:12:37.950585,sunny,24.87666092857924,0.0
2025-03-18 08:12:37.950585,sunny,29.01231586882164,0.0
2025-03-18 09:12:37.950585,sunny,37.381045174503505,0.0
2025-03-18 10:12:37.950585,sunny,35.96156687770171,0.0
2025-03-18 11:12:37.950585,cloudy,26.92053241529594,0.00010911004396654892
2025-03-18 12:12:37.950585,sunny,29.785750933286124,0.0
2025-03-18 13:12:37.950585,sunny,29.577300600590892,0.0
2025-03-18 14:12:37.950585,sunny,32.22767789246698,0.0
2025-03-18 15:12:37.950585,sunny,28.215461246416584,0.0
2025-03-18 16:12:37.950585,sunny,33.15330055796253,0.0
2025-03-18 17:12:37.950585,sunny,34.728279342175085,0.0
2025-03-18 18:12:37.950585,cloudy,24.05935773349831,0.0
2025-03-18 19:12:37.950585,rainy,20.700674617884488,8.49484044240242
2025-03-18 20:12:37.950585,sunny,30.62478066045282,0.0
2025-03-18 21:12:37.950585,sunny,30.02846067498257,0.0
2025-03-18 22:12:37.950585,sunny,37.729102533146886,0.0
2025-03-18 23:12:37.950585,sunny,31.367993184168572,0.0
2025-03-19 00:12:37.950585,sunny,27.41732975809628,0.0
2025-03-19 01:12:37.950585,cloudy,26.891135992087793,0.0
2025-03-19 02:12:37.950585,cloudy,25.894250692926512,0.0
2025-03-19 03:12:37.950585,cloudy,26.171253525911737,0.0
2025-03-19 04:12:37.950585,sunny,27.465626668121548,0.0
2025-03-19 05:12:37.950585,sunny,29.170369068869494,0.0
2025-03-19 06:12:37.950585,sunny,31.741730968325378,0.0
2025-03-19 07:12:37.950585,sunny,27.20374085605798,0.0
2025-03-19 08:12:37.950585,sunny,36.64665391087475,0.0
2025-03-19 09:12:37.950585,sunny,22.46280621854244,0.0
2025-03-19 10:12:37.950585,sunny,35.305956749527354,0.0
2025-03-19 11:12:37.950585,sunny,24.505026804333024,0.0
2025-03-19 12:12:37.950585,cloudy,24.80331149379777,0.0
2025-03-19 13:12:37.950585,sunny,28.821474721656045,0.0
2025-03-19 14:12:37.950585,sunny,33.77923396723767,0.0
2025-03-19 15:12:37.950585,cloudy,23.84941156846659,0.24207475239631776
2025-03-19 16:12:37.950585,cloudy,26.373449000223886,0.0
2025-03-19 17:12:37.950585,sunny,23.498569315461328,0.0
2025-03-19 18:12:37.950585,cloudy,23.55957326866202,0.0
2025-03-19 19:12:37.950585,cloudy,23.150203525582334,0.0
2025-03-19 20:12:37.950585,sunny,26.270447577190847,0.0
2025-03-19 21:12:37.950585,sunny,28.375372107715418,0.0
2025-03-19 22:12:37.950585,cloudy,24.78343847447944,0.0
2025-03-19 23:12:37.950585,sunny,36.715579588157496,0.0
2025-03-20 00:12:37.950585,rainy,19.000988007948422,4.4053819068434485
2025-03-20 01:12:37.950585,cloudy,20.627001740561923,0.7292335721274803
2025-03-20 02:12:37.950585,sunny,27.50063495085392,0.0
2025-03-20 03:12:37.950585,cloudy,26.464524814452034,0.09791850636887359
2025-03-20 04:12:37.950585,sunny,30.30148619133425,0.0
2025-03-20 05:12:37.950585,sunny,22.08271713495943,0.0
2025-03-20 06:12:37.950585,sunny,31.755910332094565,0.0
2025-03-20 07:12:37.950585,sunny,28.981903888716793,0.0
2025-03-20 08:12:37.950585,sunny,37.59424438780795,0.0
2025-03-20 09:12:37.950585,cloudy,24.252678511821124,0.0
2025-03-20 10:12:37.950585,sunny,30.701935478828844,0.0
2025-03-20 11:12:37.950585,sunny,29.46516957648796,0.0
2025-03-20 12:12:37.950585,sunny,23.873449402482922,0.0
2025-03-20 13:12:37.950585,sunny,37.43251843783553,0.0
2025-03-20 14:12:37.950585,sunny,30.809182748244652,0.0
2025-03-20 15:12:37.950585,cloudy,25.567357100806163,0.0
2025-03-20 16:12:37.950585,sunny,33.73848310105687,0.0
2025-03-20 17:12:37.950585,sunny,42.07271309586426,0.0
2025-03-20 18:12:37.950585,cloudy,24.785847751104722,4.95778420244307
2025-03-20 19:12:37.950585,sunny,34.47100403738264,0.0
2025-03-20 20:12:37.950585,sunny,32.57099175360417,0.0
2025-03-20 21:12:37.950585,sunny,29.547781179584213,0.0
2025-03-20 22:12:37.950585,cloudy,26.456145678167474,0.0
2025-03-20 23:12:37.950585,rainy,20.797375182643194,3.3797209157058825
2025-03-21 00:12:37.950585,sunny,29.091799159505502,0.0
2025-03-21 01:12:37.950585,sunny,22.690425509963966,0.0
2025-03-21 02:12:37.950585,cloudy,24.245970484632373,0.6697386524159324
2025-03-21 03:12:37.950585,cloudy,29.60669732844907,0.0
2025-03-21 04:12:37.950585,sunny,40.06513450431711,0.0
2025-03-21 05:12:37.950585,cloudy,32.02532578775597,1.209875499784076
2025-03-21 06:12:37.950585,sunny,26.863212310594147,0.0
2025-03-21 07:12:37.950585,sunny,35.405916854541935,0.0
2025-03-21 08:12:37.950585,sunny,34.414617666032335,0.0
2025-03-21 09:12:37.950585,sunny,34.13371938998931,0.0
